"Qty";"Value";"Device";"Package";"Parts";"Description";"AVAILABILITY";"CUI_PURCHASE_URL";"DESCRIPTION";"MF";"MP";"PACKAGE";"POPULARITY";"PRICE";"PROD_ID";"PURCHASE-URL";"VALUE";
"1";"";"PINHD-1X6";"1X06";"JP1";"PIN HEADER";"";"";"";"";"";"";"79";"";"";"";"";
"1";"+5v";"PINHD-1X2SPECIAL";"1X02-SPECIAL";"JP3";"PIN HEADER";"";"";"";"";"";"";"";"";"";"";"";
"1";"100 Ω";"R-US_M0805";"M0805";"R9";"RESISTOR, American symbol";"";"";"";"";"";"";"";"";"";"";"";
"3";"100k";"R-US_M0805";"M0805";"R1, R2, R21";"RESISTOR, American symbol";"";"";"";"";"";"";"";"";"";"";"";
"3";"104";"C-USC0805";"C0805";"C3, C8, C9";"CAPACITOR, American symbol";"";"";"";"";"";"";"";"";"";"";"";
"2";"105";"C-USC0805";"C0805";"C1, C4";"CAPACITOR, American symbol";"";"";"";"";"";"";"";"";"";"";"";
"3";"106";"C-USC0805";"C0805";"C2, C7, C10";"CAPACITOR, American symbol";"";"";"";"";"";"";"";"";"";"";"";
"1";"1100 Ω";"R-US_M0805";"M0805";"R3";"RESISTOR, American symbol";"";"";"";"";"";"";"";"";"";"";"";
"16";"1k";"R-US_M0805";"M0805";"R4, R5, R6, R7, R8, R10, R11, R12, R13, R14, R15, R16, R17, R18, R19, R20";"RESISTOR, American symbol";"";"";"";"";"";"";"";"";"";"";"";
"1";"225";"C-USC0805";"C0805";"C5";"CAPACITOR, American symbol";"";"";"";"";"";"";"";"";"";"";"";
"1";"2N2222";"2N2222CBE";"TO92-CBE-OVAL";"T1";"NPN TRANSISTOR";"";"";"";"";"";"";"";"";"";"";"";
"1";"2N2907";"2N2907CBE";"TO92-CBE-OVAL";"Q1";"PNP Transistor";"";"";"";"";"";"";"";"";"";"";"";
"1";"472";"C-USC0805";"C0805";"C6";"CAPACITOR, American symbol";"";"";"";"";"";"";"";"";"";"";"";
"1";"5.1v 2%";"ZENER-DIODEZD-7.5";"ZDIO-7.5";"D1";"Z-Diode";"";"";"";"";"";"";"6";"";"";"";"";
"1";"500Ω ├";"TB004-508-02BE";"CUI_TB004-508-02BE";"J10";"Screw Terminal 5.08 pitch Check availability";"In Stock";"https://www.cuidevices.com/product/interconnect/connectors/terminal-blocks/tb004-508-series?utm_source=snapeda.com&utm_medium=referral&utm_campaign=snapedaBOM";" 2~24 Poles, Screw Type, Horizontal, 5.08 Pitch, 24~12 (AWG), Terminal Block Connector ";"CUI Devices";"TB004-508-02BE";"None";"";"None";"";"https://pricing.snapeda.com/search/part/TB004-508-02BE/?ref=eda";"";
"1";"7815TV";"7815TV";"TO220V";"IC2";"Positive VOLTAGE REGULATOR";"";"";"";"";"";"";"0";"";"";"";"";
"1";"ADS1115";"ADS1115-BREAKOUT-NARROW";"MODULE_1115_NARROW";"U2";"ADS1115 - 16 Bit 860 Samples per Second Analog to Digital Converter (ADC) Evaluation Board  Check availability";"In Stock";"";" ADS1115 series 16 Bit 860 Samples per Second Analog to Digital Converter (ADC) Evaluation Board ";"Adafruit Industries";"1085";"None";"";"None";"";"https://pricing.snapeda.com/search/part/1085/?ref=eda";"";
"1";"Antenna";"TB004-508-03BE";"CUI_TB004-508-03BE";"J4";"Screw Terminal 5.08 pitch  Check availability";"In Stock";"https://www.cuidevices.com/product/interconnect/connectors/terminal-blocks/tb004-508-series?utm_source=snapeda.com&utm_medium=referral&utm_campaign=snapedaBOM";" 2~24 Poles, Screw Type, Horizontal, 5.08 Pitch, 24~12 (AWG), Terminal Block Connector ";"CUI Devices";"TB004 -508-03BE";"None";"";"None";"";"https://pricing.snapeda.com/search/part/TB004 -508-03BE/?ref=eda";"";
"1";"Brake";"TB004-508-02BE";"CUI_TB004-508-02BE";"J7";"Screw Terminal 5.08 pitch Check availability";"In Stock";"https://www.cuidevices.com/product/interconnect/connectors/terminal-blocks/tb004-508-series?utm_source=snapeda.com&utm_medium=referral&utm_campaign=snapedaBOM";" 2~24 Poles, Screw Type, Horizontal, 5.08 Pitch, 24~12 (AWG), Terminal Block Connector ";"CUI Devices";"TB004-508-02BE";"None";"";"None";"";"https://pricing.snapeda.com/search/part/TB004-508-02BE/?ref=eda";"";
"1";"CCW";"TB004-508-02BE";"CUI_TB004-508-02BE";"J6";"Screw Terminal 5.08 pitch Check availability";"In Stock";"https://www.cuidevices.com/product/interconnect/connectors/terminal-blocks/tb004-508-series?utm_source=snapeda.com&utm_medium=referral&utm_campaign=snapedaBOM";" 2~24 Poles, Screw Type, Horizontal, 5.08 Pitch, 24~12 (AWG), Terminal Block Connector ";"CUI Devices";"TB004-508-02BE";"None";"";"None";"";"https://pricing.snapeda.com/search/part/TB004-508-02BE/?ref=eda";"";
"1";"CW";"TB004-508-02BE";"CUI_TB004-508-02BE";"J8";"Screw Terminal 5.08 pitch Check availability";"In Stock";"https://www.cuidevices.com/product/interconnect/connectors/terminal-blocks/tb004-508-series?utm_source=snapeda.com&utm_medium=referral&utm_campaign=snapedaBOM";" 2~24 Poles, Screw Type, Horizontal, 5.08 Pitch, 24~12 (AWG), Terminal Block Connector ";"CUI Devices";"TB004-508-02BE";"None";"";"None";"";"https://pricing.snapeda.com/search/part/TB004-508-02BE/?ref=eda";"";
"1";"FR107";"DIODESMA";"SMADIODE";"D2";"Diode";"";"";"";"";"";"";"";"";"";"";"";
"1";"GND";"PINHD-1X2SPECIAL";"1X02-SPECIAL";"JP4";"PIN HEADER";"";"";"";"";"";"";"";"";"";"";"";
"1";"LMV358";"LM358-SOP8SOIC";"SO08";"U3";"IC LMV358 DUAL OP AMP";"";"";"";"";"";"";"";"";"IC-09657";"";"LMV358";
"1";"P.LED";"TB004-508-02BE";"CUI_TB004-508-02BE";"J9";"Screw Terminal 5.08 pitch Check availability";"In Stock";"https://www.cuidevices.com/product/interconnect/connectors/terminal-blocks/tb004-508-series?utm_source=snapeda.com&utm_medium=referral&utm_campaign=snapedaBOM";" 2~24 Poles, Screw Type, Horizontal, 5.08 Pitch, 24~12 (AWG), Terminal Block Connector ";"CUI Devices";"TB004-508-02BE";"None";"";"None";"";"https://pricing.snapeda.com/search/part/TB004-508-02BE/?ref=eda";"";
"1";"PL9823";"TB004-508-03BE";"CUI_TB004-508-03BE";"J1";"Screw Terminal 5.08 pitch  Check availability";"In Stock";"https://www.cuidevices.com/product/interconnect/connectors/terminal-blocks/tb004-508-series?utm_source=snapeda.com&utm_medium=referral&utm_campaign=snapedaBOM";" 2~24 Poles, Screw Type, Horizontal, 5.08 Pitch, 24~12 (AWG), Terminal Block Connector ";"CUI Devices";"TB004 -508-03BE";"None";"";"None";"";"https://pricing.snapeda.com/search/part/TB004 -508-03BE/?ref=eda";"";
"1";"Power";"TB004-508-02BE";"CUI_TB004-508-02BE";"J5";"Screw Terminal 5.08 pitch Check availability";"In Stock";"https://www.cuidevices.com/product/interconnect/connectors/terminal-blocks/tb004-508-series?utm_source=snapeda.com&utm_medium=referral&utm_campaign=snapedaBOM";" 2~24 Poles, Screw Type, Horizontal, 5.08 Pitch, 24~12 (AWG), Terminal Block Connector ";"CUI Devices";"TB004-508-02BE";"None";"";"None";"";"https://pricing.snapeda.com/search/part/TB004-508-02BE/?ref=eda";"";
"1";"Power";"TB004-508-03BE";"CUI_TB004-508-03BE";"J3";"Screw Terminal 5.08 pitch  Check availability";"In Stock";"https://www.cuidevices.com/product/interconnect/connectors/terminal-blocks/tb004-508-series?utm_source=snapeda.com&utm_medium=referral&utm_campaign=snapedaBOM";" 2~24 Poles, Screw Type, Horizontal, 5.08 Pitch, 24~12 (AWG), Terminal Block Connector ";"CUI Devices";"TB004 -508-03BE";"None";"";"None";"";"https://pricing.snapeda.com/search/part/TB004 -508-03BE/?ref=eda";"";
"1";"RPi Header";"RASPBERRY_PI_3B+_HDRMODEL_RASPBEERY_PI_3B_HDR";"MODULE_RASPBERRY_PI_3B+_HDR";"U1";"Check availability";"";"";"";"";"";"";"";"";"";"";"";
"1";"SCL";"PINHD-1X2SPECIAL";"1X02-SPECIAL";"JP2";"PIN HEADER";"";"";"";"";"";"";"";"";"";"";"";
"1";"TXS0108";"TXS0108EPWR";"TSSOP20";"IC1";"TI TXS0108E Pegelwandler  Check availability";"In Stock";"";" Voltage Level Translator Bidirectional 1 Circuit 8 Channel 60Mbps 20-VQFN (3.5x4.5) ";"Texas Instruments";"TXS0108E";"None";"";"None";"";"https://pricing.snapeda.com/search/part/TXS0108E/?ref=eda";"";
"1";"Test-Switch";"DPDT-SWITCH";"DP-DT";"TEST-SW";"";"";"";"";"";"";"";"";"";"";"";"";
"1";"pwr2";"PINHD-1X2";"1X02";"J2";"PIN HEADER";"";"";"";"";"";"";"98";"";"";"";"";
